Tytuł,Branża/dział,Link do artykułu
"Pomimo początkowych trudności, RPA napędza cyfrową transformację dystrybutora IT",TSL,https://rpa.hybrydoweit.pl/article/pomimo-poczatkowych-trudnosci-rpa-napedza-cyfrowa-transformacje-dystrybutora-it/
Jak roboty pomagają usprawnić ochronę zdrowia,Służba zdrowia,https://rpa.hybrydoweit.pl/article/jak-roboty-pomagaja-usprawnic-ochrone-zdrowia/
Fabryka robotów sposobem na transformację biznesu Orange Spain,Obsługa klienta,https://rpa.hybrydoweit.pl/article/fabryka-robotow-sposobem-na-transformacje-biznesu/
Firmy produkcyjne stawiają na RPA,Produkcyjna,https://rpa.hybrydoweit.pl/article/firmy-produkcyjne-stawiaja-na-rpa/
"Robot UiPath przy pracy w systemie SAP, czyli faktura z automatu",Użytkownicy SAP,https://rpa.hybrydoweit.pl/article/robot-uipath-przy-pracy-w-systemie-sap-czyli-faktura-z-automatu/
Globalny łańcuch dostaw pod kontrolą robotów,Produkcyjna,https://rpa.hybrydoweit.pl/article/globalny-lancuch-dostaw-pod-kontrola-robotow/
Roboty przyspieszają rozwój azjatyckiego producenta ubrań i tekstyliów,Retail,https://rpa.hybrydoweit.pl/article/roboty-przyspieszaja-rozwoj-azjatyckiego-producenta-ubran-i-tekstyliow/
Jak poprawić doświadczenie klienta i oszczędzać? Postaw na robota!,Obsługa klienta,https://rpa.hybrydoweit.pl/article/jak-poprawic-doswiadczenie-klienta-i-oszczedzac-postaw-na-robota-2/
Roboty pomagają brytyjskim pocztowcom,TSL,https://rpa.hybrydoweit.pl/article/roboty-pomagaja-brytyjskim-pocztowcom/
Cyfrowa transformacja? Przyspieszaj aplikacje SAP przy pomocy RPA,Użytkownicy SAP,https://rpa.hybrydoweit.pl/article/cyfrowa-transformacja-przyspieszaj-aplikacje-sap-przy-pomocy-rpa/
Transformacja handlu detalicznego przy pomocy RPA,Retail,https://rpa.hybrydoweit.pl/article/transformacja-handlu-detalicznego-przy-pomocy-rpa/
RPA: szybsze i tańsze leczenie,Służba zdrowia,https://rpa.hybrydoweit.pl/article/rpa-szybsze-i-tansze-leczenie/
RPA w ERP,Użytkownicy SAP,https://rpa.hybrydoweit.pl/article/rpa-w-erp-2/
RPA napędza automatyzację handlu detalicznego,Retail,https://rpa.hybrydoweit.pl/article/rpa-napedza-automatyzacje-handlu-detalicznego-2/
Roboty w służbie zdrowia,Służba zdrowia,https://rpa.hybrydoweit.pl/article/roboty-w-sluzbie-zdrowia-2/
RPA: skalowanie biznesu ponad posiadane zasoby ludzkie,Służba zdrowia,https://rpa.hybrydoweit.pl/article/rpa-skalowanie-biznesu-ponad-posiadane-zasoby-ludzkie-2/
"Sprawniejsza, bardziej przyjazna poczta",TSL,https://rpa.hybrydoweit.pl/article/sprawniejsza-bardziej-przyjazna-poczta/
Automatyzacja przyspiesza onboarding,HR,https://rpa.hybrydoweit.pl/article/automatyzacja-przyspiesza-onboarding/
Migracja? Automatyzacja!,Użytkownicy SAP,https://rpa.hybrydoweit.pl/article/migracja-automatyzacja/
Handel stawia na roboty programowe,Retail,https://rpa.hybrydoweit.pl/article/handel-stawia-na-roboty-programowe/
Raporty – robota dla robota,Finansowy,https://rpa.hybrydoweit.pl/article/raporty-robota-dla-robota-2/
RPA transformuje logistykę,TSL,https://rpa.hybrydoweit.pl/article/rpa-transformuje-logistyke-2/
